property_id,location.address.city,location.address.postal_code,location.address.state_code,location.address.coordinate.lat,location.address.coordinate.lon,description.type,description.sqft,description.lot_sqft,description.beds,description.baths,list_price,estimate.estimate,flags.is_price_reduced,flags.is_foreclosure,flags.is_new_listing,price_reduced_amount,list_date,last_sold_price,href,price_per_sqft,city_mean,city_std,value_gap_pct,market_z_score,is_investment_grade,nexus_alpha_score,equity_gap_pct,deal_score,investment_tier,investment_thesis
9764229455,Austin,78754,TX,30.391172,-97.634379,mobile,1680.0,,3.0,2.0,76995,256400.0,False,False,True,,2026-01-17 10:01:29+00:00,,https://www.realtor.com/realestateandhomes-detail/13021-Dessau-Rd-Lot-190_Austin_TX_78754_M97642-29455,45.830357142857146,342.6847951614483,228.15468043420117,0.8662608969234681,-1.301110446008153,True,86.62608969234681,0.699707488299532,75.64983986900153,TIER 1: UNICORN,Extreme Alpha: Deeply undervalued with high instant equity.
8333190014,Houston,77073,TX,29.984957,-95.40655,mobile,1456.0,,3.0,2.0,84995,185800.0,False,False,True,,2026-01-21 10:00:51+00:00,,https://www.realtor.com/realestateandhomes-detail/1010-Gripper-Way_Houston_TX_77073_M83331-90014,58.37568681318681,206.14504583969384,89.14527770380062,0.7168222666938019,-1.6576240809692047,True,71.68222666938019,0.542545748116254,66.95096140209428,TIER 1: UNICORN,Extreme Alpha: Deeply undervalued with high instant equity.
9220639969,Las Vegas,89147,NV,36.116547,-115.268456,mobile,1248.0,,2.0,2.0,89900,,False,False,True,,2026-01-20 00:52:11+00:00,,https://www.realtor.com/realestateandhomes-detail/8122-W-Flamingo-Rd-Unit-176_Las-Vegas_NV_89147_M92206-39969,72.03525641025641,301.09436839195894,113.87239077396363,0.7607552183889329,-2.0115421343562043,True,76.0755218388933,0.38037760919446645,65.64531310333598,TIER 1: UNICORN,Extreme Alpha: Deeply undervalued with high instant equity.
9692743045,Phoenix,85022,AZ,33.648117,-112.063713,mobile,1768.0,,2.0,2.0,119000,,False,False,True,,2026-01-21 03:11:05+00:00,,https://www.realtor.com/realestateandhomes-detail/17825-N-7th-St-Lot-134_Phoenix_AZ_85022_M96927-43045,67.3076923076923,314.31016702356345,139.28954479235648,0.7858558221482974,-1.7733023328067148,True,78.58558221482974,0.3929279110741487,64.884372656965,TIER 1: UNICORN,Extreme Alpha: Deeply undervalued with high instant equity.
2849586933,Phoenix,85017,AZ,33.534213,-112.116524,townhomes,880.0,871.0,2.0,1.0,90000,164200.0,False,False,True,,2026-01-20 16:37:06+00:00,42000.0,https://www.realtor.com/realestateandhomes-detail/6629-N-27th-Ave_Phoenix_AZ_85017_M28495-86933,102.27272727272727,314.31016702356345,139.28954479235648,0.6746120933941663,-1.5222782159775696,True,67.46120933941663,0.4518879415347138,60.2827835569309,TIER 1: UNICORN,Extreme Alpha: Deeply undervalued with high instant equity.
9012434799,Phoenix,85050,AZ,33.666637,-112.015099,mobile,1344.0,3920.0,2.0,2.0,124900,,False,False,True,,2026-01-19 12:11:13+00:00,,https://www.realtor.com/realestateandhomes-detail/19802-N-32nd-St-Lot-76_Phoenix_AZ_85050_M90124-34799,92.93154761904762,314.31016702356345,139.28954479235648,0.7043317163454001,-1.5893412512369987,True,70.43317163454002,0.3521658581727001,58.15331549309399,TIER 1: UNICORN,Extreme Alpha: Deeply undervalued with high instant equity.
7444552952,Houston,77073,TX,29.9879,-95.407658,mobile,1456.0,,4.0,2.0,94995,,False,False,True,,2026-01-21 10:00:51+00:00,,https://www.realtor.com/realestateandhomes-detail/930-Robin-Nest-Way_Houston_TX_77073_M74445-52952,65.24381868131869,206.14504583969384,89.14527770380062,0.6835052794232331,-1.5805798219232872,True,68.35052794232331,0.34175263971161657,56.81611498462686,TIER 1: UNICORN,Extreme Alpha: Deeply undervalued with high instant equity.
9948265993,Phoenix,85050,AZ,33.695041,-112.000093,mobile,2232.0,,3.0,2.0,275000,,False,False,True,,2026-01-20 20:37:08+00:00,4900000.0,https://www.realtor.com/realestateandhomes-detail/3901-E-Pinnacle-Peak-Rd-Lot-362_Phoenix_AZ_85050_M99482-65993,123.2078853046595,314.31016702356345,139.28954479235648,0.6080054092064329,-1.3719786506861404,True,60.800540920643286,0.30400270460321643,50.20011105924737,TIER 1: UNICORN,Extreme Alpha: Deeply undervalued with high instant equity.
5503064673,Miami,33187,FL,25.581734,-80.480984,mobile,1430.0,3920.0,3.0,2.0,209000,245800.0,False,False,True,,2026-01-21 01:04:14+00:00,94800.0,https://www.realtor.com/realestateandhomes-detail/19800-SW-180th-Ave-Lot-419_Miami_FL_33187_M55030-64673,146.15384615384616,529.2439654705115,327.8870145403711,0.7238440951822442,-1.168360143367304,True,72.38440951822443,0.1497152156224573,46.6259738658611,TIER 1: UNICORN,Extreme Alpha: Deeply undervalued with high instant equity.
7845920758,Houston,77084,TX,29.868309,-95.639641,townhomes,2024.0,1742.0,3.0,3.0,194900,,False,False,True,,2026-01-21 02:35:31+00:00,,https://www.realtor.com/realestateandhomes-detail/6428-Alisa-Ln_Houston_TX_77084_M78459-20758,96.29446640316206,206.14504583969384,89.14527770380062,0.532880035943021,-1.2322647061746537,True,53.288003594302104,0.2664400179715105,44.295449218327796,TIER 1: UNICORN,Extreme Alpha: Deeply undervalued with high instant equity.
7904310805,Houston,77045,TX,29.637055,-95.421486,single_family,1464.0,7910.0,3.0,2.0,150000,209300.0,False,False,True,,2026-01-20 21:28:38+00:00,,https://www.realtor.com/realestateandhomes-detail/2962-Almeda-Plaza-Dr_Houston_TX_77045_M79043-10805,102.45901639344262,206.14504583969384,89.14527770380062,0.5029760915374186,-1.163112978241703,True,50.29760915374186,0.28332537028189203,43.083188255189455,TIER 1: UNICORN,Extreme Alpha: Deeply undervalued with high instant equity.
9431996247,Miami,33034,FL,25.7583806300578,-80.28996103468208,single_family,1694.0,,3.0,3.0,403911,,True,False,True,360.0,2026-01-20 00:04:51+00:00,3384000.0,https://www.realtor.com/realestateandhomes-detail/35931-SW-178th-Ct_Homestead_FL_33034_M94319-96247,238.4362455726092,529.2439654705115,327.8870145403711,0.5494776301121672,-0.8869144156426987,True,54.94776301121672,0.2747388150560836,41.83780196315702,TIER 1: UNICORN,Extreme Alpha: Deeply undervalued with high instant equity.
8408188994,Austin,78753,TX,30.381273,-97.671858,single_family,1422.0,10951.0,1.0,2.0,250000,393900.0,False,False,True,,2026-01-20 19:53:56+00:00,,https://www.realtor.com/realestateandhomes-detail/11515-Oak-Trl_Austin_TX_78753_M84081-88994,175.8087201125176,342.6847951614483,228.15468043420117,0.4869666743466419,-0.7314164001867015,True,48.69666743466419,0.36532114749936534,41.40567687570731,TIER 1: UNICORN,Extreme Alpha: Deeply undervalued with high instant equity.
1716000006,Phoenix,85023,AZ,33.652962,-112.109292,single_family,1828.0,7841.0,4.0,2.0,280000,363900.0,False,False,True,,2026-01-21 01:31:03+00:00,76000.0,https://www.realtor.com/realestateandhomes-detail/2310-W-Bluefield-Ave_Phoenix_AZ_85023_M17160-00006,153.17286652078775,314.31016702356345,139.28954479235648,0.5126697046700861,-1.1568513684425374,True,51.26697046700861,0.23055784556196757,41.29761569370752,TIER 1: UNICORN,Extreme Alpha: Deeply undervalued with high instant equity.
9802174634,Miami,33034,FL,25.7583806300578,-80.28996103468208,single_family,2439.0,,4.0,3.0,595720,,True,False,True,94570.0,2026-01-20 00:02:01+00:00,,https://www.realtor.com/realestateandhomes-detail/19493-SW-339-Ter_Miami_FL_33034_M98021-74634,244.24764247642477,529.2439654705115,327.8870145403711,0.538497066736921,-0.8691906368832321,True,53.8497066736921,0.2692485333684605,41.00173037304758,TIER 1: UNICORN,Extreme Alpha: Deeply undervalued with high instant equity.
5755449231,Miami,33179,FL,25.950331,-80.166389,condos,1036.0,,1.0,2.0,152900,143000.0,False,False,True,,2026-01-20 01:10:20+00:00,89500.0,https://www.realtor.com/realestateandhomes-detail/1780-NE-191st-St-Apt-705_Miami_FL_33179_M57554-49231,147.58687258687257,529.2439654705115,327.8870145403711,0.7211364092632326,-1.1639896548469362,True,72.11364092632326,-0.06923076923076923,40.48535291899867,TIER 1: UNICORN,Extreme Alpha: Deeply undervalued with high instant equity.
6807485864,Miami,33142,FL,25.800829,-80.228593,multi_family,2252.0,,6.0,4.0,579000,772900.0,True,False,True,20000.0,2026-01-19 16:07:51+00:00,191000.0,https://www.realtor.com/realestateandhomes-detail/Miami_FL_33142_M68074-85864,257.1047957371226,529.2439654705115,327.8870145403711,0.5142036328963151,-0.8299784915693322,True,51.42036328963151,0.25087333419588564,38.90286359938135,TIER 1: UNICORN,Extreme Alpha: Deeply undervalued with high instant equity.
9383393208,Austin,78747,TX,30.125667,-97.792773,single_family,2543.0,,5.0,3.0,421291,,False,False,True,,2026-01-21 11:35:34+00:00,,https://www.realtor.com/realestateandhomes-detail/4508-Bridal-Veil-Dr_Austin_TX_78747_M93833-93208,165.66692882422336,342.6847951614483,228.15468043420117,0.5165617758261697,-0.7758677840855257,True,51.65617758261697,0.25828088791308484,38.75238439042544,TIER 1: UNICORN,Extreme Alpha: Deeply undervalued with high instant equity.
9852126627,Austin,78725,TX,30.2445071,-97.5648504,single_family,2258.0,,4.0,3.0,375490,,False,False,True,,2026-01-20 00:00:00+00:00,,https://www.realtor.com/realestateandhomes-detail/16021-Cowslip-Way_Austin_TX_78725_M98521-26627,166.2931798051373,342.6847951614483,228.15468043420117,0.5147342918240887,-0.7731229314280124,True,51.47342918240887,0.25736714591204435,38.61528682372544,TIER 1: UNICORN,Extreme Alpha: Deeply undervalued with high instant equity.
1398593867,Las Vegas,89119,NV,36.09608,-115.139344,townhomes,3748.0,4356.0,7.0,6.0,630000,,False,False,True,,2026-01-21 05:11:59+00:00,,https://www.realtor.com/realestateandhomes-detail/5157-Greene-Ln_Las-Vegas_NV_89119_M13985-93867,168.08964781216648,301.09436839195894,113.87239077396363,0.4417376561711358,-1.1680155275198045,True,44.17376561711358,0.2208688280855679,38.1844146454662,TIER 1: UNICORN,Extreme Alpha: Deeply undervalued with high instant equity.
5394677642,Miami,33167,FL,25.894557,-80.240113,single_family,5251.0,10019.0,7.0,4.0,899900,871800.0,False,False,True,,2026-01-20 02:49:42+00:00,,https://www.realtor.com/realestateandhomes-detail/2420-NW-132nd-St_Miami_FL_33167_M53946-77642,171.37688059417255,529.2439654705115,327.8870145403711,0.6761854800898597,-1.0914341495895883,True,67.61854800898597,-0.03223216334021565,37.96176069949027,TIER 1: UNICORN,Extreme Alpha: Deeply undervalued with high instant equity.
9079401788,Austin,78747,TX,30.124113,-97.792137,single_family,2543.0,,5.0,3.0,430990,,True,False,True,900.0,2026-01-18 11:35:34+00:00,,https://www.realtor.com/realestateandhomes-detail/4701-Lava-Island-Dr_Austin_TX_78747_M90794-01788,169.4809280377507,342.6847951614483,228.15468043420117,0.5054320167374116,-0.7591510583700204,True,50.54320167374116,0.2527160083687058,37.9174315879449,TIER 1: UNICORN,Extreme Alpha: Deeply undervalued with high instant equity.
9603895333,Austin,78747,TX,30.143168,-97.735593,single_family,2427.0,,5.0,3.0,412990,,False,False,True,,2026-01-21 11:35:34+00:00,,https://www.realtor.com/realestateandhomes-detail/9224-Furman-Dr_Austin_TX_78747_M96038-95333,170.16481252575196,342.6847951614483,228.15468043420117,0.5034363504643309,-0.7561535985471504,True,50.343635046433086,0.25171817523216544,37.76771701333136,TIER 1: UNICORN,Extreme Alpha: Deeply undervalued with high instant equity.
9303250101,Miami,33172,FL,25.777188,-80.358996,condos,1402.0,,3.0,2.0,375000,,False,False,True,,2026-01-21 00:22:36+00:00,,https://www.realtor.com/realestateandhomes-detail/9937-NW-9th-St-Cir-13-19_Miami_FL_33172_M93032-50101,267.4750356633381,529.2439654705115,327.8870145403711,0.49460919138578013,-0.798351011778001,True,49.460919138578014,0.24730459569289007,37.66006160092682,TIER 1: UNICORN,Extreme Alpha: Deeply undervalued with high instant equity.
9209417109,Austin,78724,TX,30.32441,-97.59235,single_family,2265.0,,4.0,3.0,389990,,True,False,True,2115.0,2026-01-20 07:01:30+00:00,,https://www.realtor.com/realestateandhomes-detail/9709-Oxbow-Strap-Dr_Austin_TX_78724_M92094-17109,172.18101545253865,342.6847951614483,228.15468043420117,0.4975528010473315,-0.7473165984779444,True,49.75528010473315,0.24877640052366576,37.32633404761933,TIER 1: UNICORN,Extreme Alpha: Deeply undervalued with high instant equity.
5424151334,Miami,33135,FL,25.767831,-80.241613,multi_family,2442.0,,4.0,2.0,540000,606400.0,False,False,True,,2026-01-21 01:04:14+00:00,,https://www.realtor.com/realestateandhomes-detail/Miami_FL_33135_M54241-51334,221.13022113022112,529.2439654705115,327.8870145403711,0.5821771516400179,-0.9396948664533156,True,58.217715164001795,0.10949868073878628,37.06398195968532,TIER 1: UNICORN,Extreme Alpha: Deeply undervalued with high instant equity.
9920896201,Austin,78747,TX,30.124349,-97.793074,single_family,2323.0,,4.0,3.0,402990,,False,False,True,,2026-01-19 00:00:00+00:00,,https://www.realtor.com/realestateandhomes-detail/4601-Lava-Island-Dr_Austin_TX_78747_M99208-96201,173.47826086956522,342.6847951614483,228.15468043420117,0.49376726566512874,-0.7416307829840094,True,49.37672656651287,0.24688363283256437,37.042343769747816,TIER 1: UNICORN,Extreme Alpha: Deeply undervalued with high instant equity.
2962230535,Las Vegas,89119,NV,36.094382,-115.138816,townhomes,3648.0,4792.0,7.0,6.0,630000,,False,False,True,,2026-01-21 05:11:59+00:00,,https://www.realtor.com/realestateandhomes-detail/5238-Greene-Ln_Las-Vegas_NV_89119_M29622-30535,172.69736842105263,301.09436839195894,113.87239077396363,0.42643441209687966,-1.1275516312446094,True,42.643441209687964,0.21321720604843983,36.86158103825887,TIER 1: UNICORN,Extreme Alpha: Deeply undervalued with high instant equity.
8987201619,Houston,77099,TX,29.666573,-95.565751,condos,870.0,161172.0,2.0,1.0,75000,67300.0,False,False,True,,2026-01-21 03:33:28+00:00,,https://www.realtor.com/realestateandhomes-detail/10501-South-Dr-Apt-286_Houston_TX_77099_M89872-01619,86.20689655172414,206.14504583969384,89.14527770380062,0.5818143666728626,-1.3454234747743261,True,58.181436667286256,-0.11441307578008915,36.726809414657765,TIER 1: UNICORN,Extreme Alpha: Deeply undervalued with high instant equity.
9406000225,Austin,78724,TX,30.32508,-97.59451,single_family,2265.0,,4.0,3.0,399990,,True,False,True,2115.0,2026-01-18 00:00:00+00:00,,https://www.realtor.com/realestateandhomes-detail/9425-Oxbow-Strap-Dr_Austin_TX_78724_M94060-00225,176.59602649006624,342.6847951614483,228.15468043420117,0.4846692091872154,-0.7279656431123767,True,48.46692091872154,0.2423346045936077,36.3598089823567,TIER 1: UNICORN,Extreme Alpha: Deeply undervalued with high instant equity.
9038162779,Miami,33031,FL,25.7583806300578,-80.28996103468208,single_family,2648.0,,4.0,4.0,733241,,False,False,True,,2026-01-20 00:04:54+00:00,,https://www.realtor.com/realestateandhomes-detail/27309-SW-159th-Pl_Homestead_FL_33031_M90381-62779,276.9037009063444,529.2439654705115,327.8870145403711,0.4767938437235276,-0.7695951756976265,True,47.679384372352764,0.2383969218617638,36.30358238038792,TIER 1: UNICORN,Extreme Alpha: Deeply undervalued with high instant equity.
9082187894,Austin,78747,TX,30.144134,-97.734313,single_family,2137.0,,3.0,2.0,381990,,False,False,True,,2026-01-17 11:35:37+00:00,,https://www.realtor.com/realestateandhomes-detail/9109-Furman-Dr_Austin_TX_78747_M90821-87894,178.75058493214786,342.6847951614483,228.15468043420117,0.47838191989833245,-0.7185222320108324,True,47.83819198983325,0.23919095994916623,35.88813751400827,TIER 1: UNICORN,Extreme Alpha: Deeply undervalued with high instant equity.
9989339720,Austin,78747,TX,30.143034,-97.73502,single_family,2240.0,,5.0,3.0,401990,,True,False,True,175.0,2026-01-19 11:35:37+00:00,,https://www.realtor.com/realestateandhomes-detail/9221-Furman-Dr_Austin_TX_78747_M99893-39720,179.45982142857142,342.6847951614483,228.15468043420117,0.4763122730787547,-0.7154136545533206,True,47.63122730787547,0.23815613653937734,35.73287293025849,TIER 1: UNICORN,Extreme Alpha: Deeply undervalued with high instant equity.
9464102561,Austin,78744,TX,30.150288,-97.704727,townhomes,1948.0,,3.0,3.0,349990,,False,False,True,25000.0,2026-01-19 08:45:32+00:00,,https://www.realtor.com/realestateandhomes-detail/1016-Brickell-Loop-Unit-A_Austin_TX_78744_M94641-02561,179.66632443531827,342.6847951614483,228.15468043420117,0.47570966972528644,-0.7145085536526778,True,47.570966972528645,0.23785483486264322,35.68766572004397,TIER 1: UNICORN,Extreme Alpha: Deeply undervalued with high instant equity.
8643572609,Austin,78753,TX,30.360097,-97.673018,single_family,1380.0,,3.0,2.0,260000,357100.0,False,False,True,,2026-01-19 00:59:14+00:00,,https://www.realtor.com/realestateandhomes-detail/10006-Faylin-Dr_Austin_TX_78753_M86435-72609,188.40579710144928,342.6847951614483,228.15468043420117,0.4502067212737405,-0.676203520201254,True,45.02067212737405,0.27191262951554185,35.64680923358383,TIER 1: UNICORN,Extreme Alpha: Deeply undervalued with high instant equity.
6041278702,Miami,33179,FL,25.955691,-80.187039,condos,1562.0,,3.0,2.0,325000,337800.0,False,False,True,,2026-01-20 21:10:57+00:00,120000.0,https://www.realtor.com/realestateandhomes-detail/671-NE-195th-St-Apt-329E_Miami_FL_33179_M60412-78702,208.06658130601792,529.2439654705115,327.8870145403711,0.6068607393169965,-0.979536760901364,True,60.686073931699646,0.037892243931320305,35.58548693894631,TIER 1: UNICORN,Extreme Alpha: Deeply undervalued with high instant equity.
9403219891,Austin,78724,TX,30.32557,-97.59475,single_family,2170.0,,4.0,3.0,390990,,True,False,True,2115.0,2026-01-18 00:00:00+00:00,,https://www.realtor.com/realestateandhomes-detail/9409-Oxbow-Strap-Dr_Austin_TX_78724_M94032-19891,180.17972350230414,342.6847951614483,228.15468043420117,0.4742115026801335,-0.7122583299622902,True,47.42115026801335,0.23710575134006676,35.575273460430914,TIER 1: UNICORN,Extreme Alpha: Deeply undervalued with high instant equity.
5477561653,Miami,33127,FL,25.815101,-80.206966,single_family,1385.0,5750.0,5.0,3.0,350000,410800.0,False,False,True,,2026-01-21 01:17:38+00:00,15000.0,https://www.realtor.com/realestateandhomes-detail/660-NW-43rd-St_Miami_FL_33127_M54775-61653,252.70758122743683,529.2439654705115,327.8870145403711,0.5225121159335784,-0.8433892529434894,True,52.25121159335784,0.14800389483933787,35.25453296035154,TIER 1: UNICORN,Extreme Alpha: Deeply undervalued with high instant equity.
8122955774,Houston,77066,TX,29.947296,-95.472604,single_family,2093.0,7884.0,4.0,3.0,219990,245800.0,False,False,True,,2026-01-20 19:25:52+00:00,,https://www.realtor.com/realestateandhomes-detail/3311-Walhalla-Dr_Houston_TX_77066_M81229-55774,105.10750119445771,206.14504583969384,89.14527770380062,0.4901284153285291,-1.1334032182944054,True,49.01284153285291,0.10500406834825061,35.13933153001524,TIER 1: UNICORN,Extreme Alpha: Deeply undervalued with high instant equity.
9688470732,Austin,78747,TX,30.144016,-97.735047,single_family,2137.0,,4.0,3.0,391990,,False,False,True,,2026-01-17 11:35:37+00:00,,https://www.realtor.com/realestateandhomes-detail/9120-Furman-Dr_Austin_TX_78747_M96884-70732,183.43004211511465,342.6847951614483,228.15468043420117,0.46472663886737176,-0.6980122114666064,True,46.47266388673717,0.23236331943368588,34.86372044670837,TIER 1: UNICORN,Extreme Alpha: Deeply undervalued with high instant equity.
5811646273,Miami,33179,FL,25.951576,-80.176277,condos,898.0,,1.0,2.0,184900,165800.0,False,False,True,,2026-01-19 16:14:42+00:00,140000.0,https://www.realtor.com/realestateandhomes-detail/1201-NE-191st-St-Apt-313_Miami_FL_33179_M58116-46273,205.90200445434297,529.2439654705115,327.8870145403711,0.6109506808050408,-0.9861383546079926,True,61.09506808050408,-0.11519903498190591,34.299410778281555,TIER 1: UNICORN,Extreme Alpha: Deeply undervalued with high instant equity.
6100015944,Miami,33157,FL,25.582249,-80.376063,condos,800.0,,2.0,2.0,165000,158900.0,False,False,True,,2026-01-21 01:04:14+00:00,138000.0,https://www.realtor.com/realestateandhomes-detail/19715-SW-114th-Ave-Apt-357_Miami_FL_33157_M61000-15944,206.25,529.2439654705115,327.8870145403711,0.610293147477575,-0.9850770269852905,True,61.0293147477575,-0.03838892385147892,34.262496168955906,TIER 1: UNICORN,Extreme Alpha: Deeply undervalued with high instant equity.
7213405823,Houston,77042,TX,29.727468,-95.543837,condos,1494.0,,3.0,2.0,154900,166400.0,False,False,True,,2026-01-21 00:55:16+00:00,,https://www.realtor.com/realestateandhomes-detail/9809-Richmond-Ave-Unit-D5_Houston_TX_77042_M72134-05823,103.68139223560911,206.14504583969384,89.14527770380062,0.4970464033550645,-1.1494008010669565,True,49.70464033550645,0.06911057692307693,34.14028722179522,TIER 1: UNICORN,Extreme Alpha: Deeply undervalued with high instant equity.
9762148525,Austin,78747,TX,30.14563,-97.752808,single_family,1985.0,,3.0,4.0,371666,,False,False,True,,2026-01-18 00:00:00+00:00,,https://www.realtor.com/realestateandhomes-detail/6400-Stockman-Dr-Bldg-5_Austin_TX_78747_M97621-48525,187.23727959697732,342.6847951614483,228.15468043420117,0.4536166114146831,-0.6813251223627708,True,45.36166114146831,0.22680830570734156,34.0302479085087,TIER 1: UNICORN,Extreme Alpha: Deeply undervalued with high instant equity.
9871267188,Austin,78747,TX,30.143976,-97.733985,single_family,2054.0,,4.0,3.0,386990,,False,False,True,,2026-01-19 11:35:35+00:00,,https://www.realtor.com/realestateandhomes-detail/9200-Corvallis-Dr_Austin_TX_78747_M98712-67188,188.40798442064263,342.6847951614483,228.15468043420117,0.450200338384204,-0.6761939332000617,True,45.020033838420396,0.225100169192102,33.773959635052854,TIER 1: UNICORN,Extreme Alpha: Deeply undervalued with high instant equity.
9836442693,Austin,78747,TX,30.144096,-97.733909,single_family,1975.0,,4.0,2.0,376990,,False,False,True,,2026-01-19 11:36:14+00:00,,https://www.realtor.com/realestateandhomes-detail/9120-Corvallis-Dr_Austin_TX_78747_M98364-42693,190.88101265822786,342.6847951614483,228.15468043420117,0.4429837116983888,-0.6653546717267541,True,44.29837116983888,0.2214918558491944,33.23256941917087,TIER 1: UNICORN,Extreme Alpha: Deeply undervalued with high instant equity.
9891724351,Austin,78747,TX,30.125127789473,-97.782235903045,single_family,1950.0,,3.0,3.0,372770,,False,False,True,,2026-01-19 00:00:00+00:00,,https://www.realtor.com/realestateandhomes-detail/11908-Murano-Dr_Austin_TX_78747_M98917-24351,191.16410256410256,342.6847951614483,228.15468043420117,0.44215761754460137,-0.6641138911066242,True,44.21576175446014,0.22107880877230068,33.17059596374232,TIER 1: UNICORN,Extreme Alpha: Deeply undervalued with high instant equity.
7361449900,Houston,77038,TX,29.904567,-95.458099,single_family,2599.0,5502.0,4.0,3.0,276000,293500.0,False,False,True,,2026-01-21 00:55:16+00:00,,https://www.realtor.com/realestateandhomes-detail/11722-Wren-Crossing-Dr_Houston_TX_77038_M73614-49900,106.19469026548673,206.14504583969384,89.14527770380062,0.48485451186603956,-1.121207518207617,True,48.48545118660395,0.059625212947189095,32.99126417460532,TIER 1: UNICORN,Extreme Alpha: Deeply undervalued with high instant equity.
9132113956,Houston,77082,TX,29.72642,-95.654827,single_family,2802.0,,3.0,4.0,349000,,False,False,True,,2026-01-20 23:11:55+00:00,,https://www.realtor.com/realestateandhomes-detail/15000-S-Richmond-Ave-Unit-3_Houston_TX_77082_M91321-13956,124.55389007851535,206.14504583969384,89.14527770380062,0.39579489009222585,-0.9152605484305977,True,39.579489009222584,0.19789744504611292,32.90029888983953,TIER 1: UNICORN,Extreme Alpha: Deeply undervalued with high instant equity.
8509944916,Houston,77034,TX,29.639772,-95.238824,single_family,2329.0,8281.0,4.0,3.0,245000,256400.0,False,False,True,,2026-01-20 21:19:30+00:00,,https://www.realtor.com/realestateandhomes-detail/9902-Tolman-St_Houston_TX_77034_M85099-44916,105.19536281665951,206.14504583969384,89.14527770380062,0.489702202698272,-1.1324176178849958,True,48.9702202698272,0.044461778471138844,32.69073542562639,TIER 1: UNICORN,Extreme Alpha: Deeply undervalued with high instant equity.
6189600610,Miami,33183,FL,25.688931,-80.420305,townhomes,1510.0,,3.0,3.0,345000,349000.0,False,False,True,,2026-01-19 16:53:11+00:00,135000.0,https://www.realtor.com/realestateandhomes-detail/13935-SW-84th-St-905_Miami_FL_33183_M61896-00610,228.47682119205297,529.2439654705115,327.8870145403711,0.5682958406735329,-0.9172889774243456,True,56.82958406735329,0.011461318051575931,32.36317612324781,TIER 1: UNICORN,Extreme Alpha: Deeply undervalued with high instant equity.
9815598433,Austin,78747,TX,30.145319,-97.753242,single_family,1985.0,,3.0,4.0,390145,,False,False,True,54000.0,2026-01-17 03:45:30+00:00,,https://www.realtor.com/realestateandhomes-detail/6312-Stockman-Dr-Bldg-5_Austin_TX_78747_M98155-98433,196.54659949622166,342.6847951614483,228.15468043420117,0.42645077263021514,-0.6405224533948242,True,42.64507726302151,0.21322538631510757,31.992270891761148,TIER 1: UNICORN,Extreme Alpha: Deeply undervalued with high instant equity.
8571600455,Houston,77065,TX,29.920221,-95.589364,single_family,2289.0,8398.0,4.0,3.0,270000,306800.0,False,False,True,,2026-01-21 09:43:07+00:00,,https://www.realtor.com/realestateandhomes-detail/10103-Churchill-Way-Dr_Houston_TX_77065_M85716-00455,117.95543905635648,206.14504583969384,89.14527770380062,0.42780366816050924,-0.9892796237211955,True,42.78036681605092,0.11994784876140809,31.80285691408865,TIER 1: UNICORN,Extreme Alpha: Deeply undervalued with high instant equity.
5458665925,Miami,33172,FL,25.777027,-80.338193,condos,1171.0,,2.0,2.0,269000,268200.0,False,False,True,,2026-01-20 21:55:11+00:00,76000.0,https://www.realtor.com/realestateandhomes-detail/8895-Fontainebleau-Blvd-Apt-407_Miami_FL_33172_M54586-65925,229.7181895815542,529.2439654705115,327.8870145403711,0.5659502902837469,-0.9135030135573672,True,56.59502902837469,-0.002982848620432513,31.773041746923546,TIER 1: UNICORN,Extreme Alpha: Deeply undervalued with high instant equity.
5890910932,Miami,33179,FL,25.956501,-80.18944,condos,1197.0,,2.0,2.0,279000,253200.0,False,False,True,,2026-01-20 02:49:42+00:00,255000.0,https://www.realtor.com/realestateandhomes-detail/665-NE-195th-St-Apt-326_Miami_FL_33179_M58909-10932,233.08270676691728,529.2439654705115,327.8870145403711,0.5595930762107023,-0.9032418045549936,True,55.95930762107023,-0.1018957345971564,31.416141093978027,TIER 1: UNICORN,Extreme Alpha: Deeply undervalued with high instant equity.
8125372314,Houston,77004,TX,29.726467,-95.376073,single_family,2170.0,5998.0,3.0,3.0,325000,501800.0,False,False,True,,2026-01-20 23:11:55+00:00,,https://www.realtor.com/realestateandhomes-detail/2005-Wentworth-St_Houston_TX_77004_M81253-72314,149.76958525345623,206.14504583969384,89.14527770380062,0.27347472919663224,-0.6323998537931987,True,27.347472919663225,0.35233160621761656,31.35625195450194,TIER 1: UNICORN,Extreme Alpha: Deeply undervalued with high instant equity.
6854974689,Miami,33157,FL,25.599396,-80.367735,townhomes,1470.0,,3.0,2.0,375000,395600.0,False,False,True,,2026-01-20 00:12:34+00:00,220000.0,https://www.realtor.com/realestateandhomes-detail/18241-SW-108th-Pl_Miami_FL_33157_M68549-74689,255.10204081632654,529.2439654705115,327.8870145403711,0.5179878138250774,-0.8360865557255279,True,51.79878138250774,0.052072800808897875,31.163290142614287,TIER 1: UNICORN,Extreme Alpha: Deeply undervalued with high instant equity.
9519270163,Austin,78747,TX,30.143481,-97.734734,single_family,1693.0,,4.0,2.0,340990,,False,False,True,,2026-01-19 11:35:35+00:00,,https://www.realtor.com/realestateandhomes-detail/9207-Furman-Dr_Austin_TX_78747_M95192-70163,201.41169521559362,342.6847951614483,228.15468043420117,0.41225377355682497,-0.6191987807438262,True,41.2253773556825,0.20612688677841248,30.92721422084776,TIER 1: UNICORN,Extreme Alpha: Deeply undervalued with high instant equity.
9576196531,Austin,78747,TX,30.145422,-97.753082,single_family,1985.0,,3.0,4.0,400424,,False,False,True,,2026-01-17 03:45:30+00:00,,https://www.realtor.com/realestateandhomes-detail/6312-Stockman-Dr-Bldg-6_Austin_TX_78747_M95761-96531,201.7249370277078,342.6847951614483,228.15468043420117,0.4113396921136533,-0.6178258445782474,True,41.133969211365326,0.20566984605682664,30.858639972601672,TIER 1: UNICORN,Extreme Alpha: Deeply undervalued with high instant equity.
9876435973,Austin,78747,TX,30.143753,-97.734129,single_family,1687.0,,4.0,2.0,340990,,False,False,True,,2026-01-17 11:35:35+00:00,,https://www.realtor.com/realestateandhomes-detail/9208-Corvallis-Dr_Austin_TX_78747_M98764-35973,202.12803793716657,342.6847951614483,228.15468043420117,0.41016338982318,-0.6160590567626671,True,41.016338982318004,0.20508169491159,30.77039395701747,TIER 1: UNICORN,Extreme Alpha: Deeply undervalued with high instant equity.
9446209544,Austin,78747,TX,30.143537,-97.734267,single_family,1731.0,,4.0,2.0,350990,,False,False,True,,2026-01-20 11:36:14+00:00,,https://www.realtor.com/realestateandhomes-detail/9216-Corvallis-Dr_Austin_TX_78747_M94462-09544,202.76718659734257,342.6847951614483,228.15468043420117,0.40829826867044583,-0.6132576736879932,True,40.82982686704458,0.20414913433522291,30.63047285710668,TIER 1: UNICORN,Extreme Alpha: Deeply undervalued with high instant equity.
9949761858,Miami,33186,FL,25.685574,-80.396767,condos,1340.0,,2.0,2.0,425000,,False,False,True,,2026-01-20 21:55:11+00:00,,https://www.realtor.com/realestateandhomes-detail/8810-SW-123rd-Ct-Apt-103M_Miami_FL_33186_M99497-61858,317.1641791044776,529.2439654705115,327.8870145403711,0.400722162561626,-0.6468075189355251,True,40.072216256162605,0.200361081280813,30.511404943052813,TIER 1: UNICORN,Extreme Alpha: Deeply undervalued with high instant equity.
9959908373,Austin,78747,TX,30.143214,-97.734474,single_family,1649.0,,4.0,2.0,335990,,False,False,True,,2026-01-19 11:35:35+00:00,,https://www.realtor.com/realestateandhomes-detail/9304-Corvallis-Dr_Austin_TX_78747_M99599-08373,203.75379017586417,342.6847951614483,228.15468043420117,0.4054192276611802,-0.6089333986976928,True,40.54192276611802,0.2027096138305901,30.414487646647743,TIER 1: UNICORN,Extreme Alpha: Deeply undervalued with high instant equity.
9499296977,Austin,78754,TX,30.365527,-97.622395,single_family,2344.0,,4.0,3.0,478502,,False,False,True,,2026-01-18 00:00:00+00:00,,https://www.realtor.com/realestateandhomes-detail/5216-Monarda-Mint-Dr_Austin_TX_78754_M94992-96977,204.13907849829351,342.6847951614483,228.15468043420117,0.40429490487864234,-0.6072446832977014,True,40.429490487864236,0.20214745243932117,30.330141125695555,TIER 1: UNICORN,Extreme Alpha: Deeply undervalued with high instant equity.
8488664137,Houston,77073,TX,29.974051,-95.405809,single_family,1980.0,6429.0,3.0,3.0,229999,243900.0,False,False,True,,2026-01-20 19:25:52+00:00,,https://www.realtor.com/realestateandhomes-detail/930-Belshear-Ct_Houston_TX_77073_M84886-64137,116.16111111111111,206.14504583969384,89.14527770380062,0.43650786931138585,-1.0094077560402994,True,43.65078693113858,0.05699466994669947,29.834179130726405,TIER 3: VALUE LEADER,Value Play: $/SqFt is 43.7% below city average.
5471210026,Miami,33179,FL,25.966717,-80.19227,condos,917.0,,2.0,2.0,229900,219200.0,False,False,True,,2026-01-19 20:24:56+00:00,185000.0,https://www.realtor.com/realestateandhomes-detail/20761-NE-4th-Pl-Apt-205_Miami_FL_33179_M54712-10026,250.70883315158125,529.2439654705115,327.8870145403711,0.5262887259778302,-0.8494850968995468,True,52.628872597783015,-0.04881386861313869,29.546400008108673,TIER 3: VALUE LEADER,Value Play: $/SqFt is 52.6% below city average.
5545719656,Miami,33183,FL,25.713249,-80.399863,condos,1170.0,,2.0,2.0,300000,303400.0,False,False,True,,2026-01-19 18:51:50+00:00,,https://www.realtor.com/realestateandhomes-detail/5900-SW-127th-Ave-Apt-3101_Miami_FL_33183_M55457-19656,256.4102564102564,529.2439654705115,327.8870145403711,0.5155159564600778,-0.8320967191784364,True,51.551595646007776,0.01120632827949901,29.389858581367434,TIER 3: VALUE LEADER,Value Play: $/SqFt is 51.6% below city average.
1055147792,Las Vegas,89121,NV,36.121945,-115.092811,townhomes,2169.0,3920.0,3.0,2.0,370000,375400.0,False,False,True,,2026-01-21 05:11:59+00:00,,https://www.realtor.com/realestateandhomes-detail/3719-Centennial-Cir_Las-Vegas_NV_89121_M10551-47792,170.5855232826187,301.09436839195894,113.87239077396363,0.4334483099313445,-1.1460973482887518,True,43.34483099313445,0.014384656366542355,29.374292134802992,TIER 3: VALUE LEADER,Value Play: $/SqFt is 43.3% below city average.
1800189548,Phoenix,85040,AZ,33.408717,-111.983354,townhomes,1008.0,871.0,3.0,1.0,179000,188500.0,False,False,True,,2026-01-19 22:30:52+00:00,40000.0,https://www.realtor.com/realestateandhomes-detail/4510-E-Wood-St_Phoenix_AZ_85040_M18001-89548,177.5793650793651,314.31016702356345,139.28954479235648,0.43501870537311577,-0.981630043719559,True,43.501870537311575,0.050397877984084884,29.232963771483615,TIER 3: VALUE LEADER,Value Play: $/SqFt is 43.5% below city average.
6460935985,Miami,33193,FL,25.69362,-80.439832,condos,877.0,,2.0,2.0,245000,261500.0,False,False,True,,2026-01-20 21:55:11+00:00,132000.0,https://www.realtor.com/realestateandhomes-detail/15221-SW-80th-St-Apt-313_Miami_FL_33193_M64609-35985,279.3614595210946,529.2439654705115,327.8870145403711,0.4721499388798225,-0.7620994271447431,True,47.214993887982246,0.06309751434034416,29.030892400254096,TIER 3: VALUE LEADER,Value Play: $/SqFt is 47.2% below city average.
9011521237,Austin,78724,TX,30.32462,-97.5942,single_family,1779.0,,4.0,2.0,374990,,True,False,True,2115.0,2026-01-20 00:10:23+00:00,,https://www.realtor.com/realestateandhomes-detail/9513-Oxbow-Strap-Dr_Austin_TX_78724_M90115-21237,210.78695896571108,342.6847951614483,228.15468043420117,0.38489550180829146,-0.5781070804452595,True,38.48955018082915,0.19244775090414573,28.874800912950086,TIER 2: EQUITY KING,Equity Play: Priced 19.2% below estimated value.
7269589352,Houston,77026,TX,29.790329,-95.314019,multi_family,4000.0,6499.0,3.0,3.0,449000,431900.0,False,False,True,,2026-01-20 21:28:38+00:00,,https://www.realtor.com/realestateandhomes-detail/Sakowitz-St_Houston_TX_77026_M72695-89352,112.25,206.14504583969384,89.14527770380062,0.4554804868447344,-1.0532812085871233,True,45.54804868447344,-0.03959249826348692,28.752031559660608,TIER 3: VALUE LEADER,Value Play: $/SqFt is 45.5% below city average.
1670629500,Phoenix,85041,AZ,33.37916,-112.11234,single_family,4708.0,10890.0,6.0,3.0,799900,737500.0,False,False,True,,2026-01-19 12:11:13+00:00,750000.0,https://www.realtor.com/realestateandhomes-detail/7419-S-25th-Dr_Phoenix_AZ_85041_M16706-29500,169.90229396771454,314.31016702356345,139.28954479235648,0.4594438494413158,-1.0367459615947665,True,45.94438494413158,-0.08461016949152543,28.745213593600297,TIER 3: VALUE LEADER,Value Play: $/SqFt is 45.9% below city average.
8361781614,Houston,77065,TX,29.923191,-95.615287,single_family,3712.0,8102.0,5.0,4.0,418000,410800.0,False,False,True,,2026-01-20 19:37:59+00:00,,https://www.realtor.com/realestateandhomes-detail/13002-Bainbridge-Trl_Houston_TX_77065_M83617-81614,112.60775862068965,206.14504583969384,89.14527770380062,0.4537450164664268,-1.0492679997004073,True,45.37450164664268,-0.017526777020447908,28.642480655661146,TIER 3: VALUE LEADER,Value Play: $/SqFt is 45.4% below city average.
1731044074,Phoenix,85027,AZ,33.655383,-112.103393,condos,1076.0,1742.0,2.0,1.0,219900,263300.0,False,False,True,,2026-01-19 18:16:10+00:00,159500.0,https://www.realtor.com/realestateandhomes-detail/2020-W-Union-Hills-Dr-Unit-211_Phoenix_AZ_85027_M17310-44074,204.36802973977694,314.31016702356345,139.28954479235648,0.3497886763413042,-0.7893064583395751,True,34.978867634130424,0.16483099126471706,28.477851287636604,TIER 2: EQUITY KING,Equity Play: Priced 16.5% below estimated value.
9684069402,Phoenix,85037,AZ,33.483364,-112.264732,single_family,2509.0,,5.0,3.0,521490,,False,False,True,,2026-01-21 00:02:59+00:00,,https://www.realtor.com/realestateandhomes-detail/9517-W-Cheery-Lynn-Rd_Phoenix_AZ_85037_M96840-69402,207.84774810681546,314.31016702356345,139.28954479235648,0.33871770654102523,-0.7643245519644352,True,33.87177065410253,0.16935885327051262,27.966307912105865,TIER 2: EQUITY KING,Equity Play: Priced 16.9% below estimated value.
8726952419,Austin,78754,TX,30.338424,-97.645782,single_family,2331.0,12419.0,4.0,3.0,399900,403400.0,False,False,True,,2026-01-19 16:08:29+00:00,,https://www.realtor.com/realestateandhomes-detail/4717-Lake-Champlain-Ln-167_Austin_TX_78754_M87269-52419,171.55727155727155,342.6847951614483,228.15468043420117,0.4993729690386579,-0.750050462600653,True,49.93729690386579,0.008676251859196828,27.822473461920723,TIER 3: VALUE LEADER,Value Play: $/SqFt is 49.9% below city average.
2366586201,Phoenix,85027,AZ,33.654258,-112.109386,townhomes,1544.0,871.0,2.0,2.0,269900,255800.0,False,False,True,,2026-01-19 19:01:40+00:00,248000.0,https://www.realtor.com/realestateandhomes-detail/2315-W-Union-Hills-Dr-Apt-120_Phoenix_AZ_85027_M23665-86201,174.80569948186528,314.31016702356345,139.28954479235648,0.44384331840986774,-1.0015429926895238,True,44.384331840986775,-0.055121188428459734,27.769162663289947,TIER 3: VALUE LEADER,Value Play: $/SqFt is 44.4% below city average.
9578158569,Austin,78747,TX,30.12424,-97.792761,single_family,2543.0,,5.0,3.0,432990,420200.0,False,False,True,,2026-01-17 11:35:36+00:00,,https://www.realtor.com/realestateandhomes-detail/4609-Lava-Island-Dr_Austin_TX_78747_M95781-58569,170.2674007078254,342.6847951614483,228.15468043420117,0.5031369844477409,-0.7557039554283758,True,50.31369844477409,-0.030437886720609233,27.682518932193393,TIER 3: VALUE LEADER,Value Play: $/SqFt is 50.3% below city average.
8196558672,Houston,77073,TX,29.970338,-95.416057,single_family,2019.0,3798.0,4.0,3.0,234000,195600.0,False,False,True,,2026-01-21 02:35:31+00:00,,https://www.realtor.com/realestateandhomes-detail/311-Silky-Leaf-Dr_Houston_TX_77073_M81965-58672,115.89895988112927,206.14504583969384,89.14527770380062,0.4377795526977802,-1.012348475243092,True,43.77795526977802,-0.19631901840490798,27.63466686034213,TIER 3: VALUE LEADER,Value Play: $/SqFt is 43.8% below city average.
9432335430,Austin,78747,TX,30.124251,-97.784144,single_family,1533.0,,3.0,2.0,332330,,False,False,True,,2026-01-19 00:00:00+00:00,,https://www.realtor.com/realestateandhomes-detail/12013-Russo-Dr_Austin_TX_78747_M94323-35430,216.78408349641225,342.6847951614483,228.15468043420117,0.3673950914738447,-0.5518217352606327,True,36.73950914738447,0.18369754573692235,27.56192284103701,TIER 2: EQUITY KING,Equity Play: Priced 18.4% below estimated value.
2191989146,Phoenix,85012,AZ,33.479346,-112.067633,condos,1620.0,1742.0,3.0,2.0,284900,254300.0,False,False,True,,2026-01-19 21:48:58+00:00,334900.0,https://www.realtor.com/realestateandhomes-detail/353-E-Thomas-Rd-Unit-C501_Phoenix_AZ_85012_M21919-89146,175.8641975308642,314.31016702356345,139.28954479235648,0.4404756320921688,-0.9939437285051453,True,44.047563209216875,-0.12033031852143138,27.558462568738207,TIER 3: VALUE LEADER,Value Play: $/SqFt is 44.0% below city average.
5372272587,Miami,33157,FL,25.610747,-80.357646,single_family,2210.0,8276.0,5.0,4.0,600000,601700.0,False,False,True,,2026-01-20 21:55:11+00:00,350000.0,https://www.realtor.com/realestateandhomes-detail/10215-SW-171st-St_Miami_FL_33157_M53722-72587,271.49321266968326,529.2439654705115,327.8870145403711,0.48701689507537643,-0.7860962507531467,True,48.701689507537644,0.002825328236662789,27.454651440013038,TIER 3: VALUE LEADER,Value Play: $/SqFt is 48.7% below city average.
2552528763,Las Vegas,89121,NV,36.121772,-115.101786,townhomes,1697.0,1742.0,3.0,3.0,299999,297700.0,False,False,True,,2026-01-20 11:07:25+00:00,,https://www.realtor.com/realestateandhomes-detail/3363-Pavlo-St_Las-Vegas_NV_89121_M25525-28763,176.78196817913965,301.09436839195894,113.87239077396363,0.412868566345923,-1.0916816567027126,True,41.2868566345923,-0.0077225394692643605,27.431559220864045,TIER 3: VALUE LEADER,Value Play: $/SqFt is 41.3% below city average.
9213513898,Austin,78747,TX,30.125951,-97.792534,single_family,2323.0,,4.0,3.0,399990,394300.0,False,False,True,10000.0,2026-01-18 11:35:36+00:00,,https://www.realtor.com/realestateandhomes-detail/4509-Beacon-Bay-Dr_Austin_TX_78747_M92135-13898,172.18682737839,342.6847951614483,228.15468043420117,0.49753584107147786,-0.7472911248569768,True,49.75358410714779,-0.014430636571138727,27.374344891428883,TIER 3: VALUE LEADER,Value Play: $/SqFt is 49.8% below city average.
8995071030,Houston,77084,TX,29.860039,-95.661491,single_family,3094.0,5776.0,4.0,3.0,362000,342800.0,False,False,True,,2026-01-21 05:14:16+00:00,,https://www.realtor.com/realestateandhomes-detail/16946-Creek-Mountain-Dr_Houston_TX_77084_M89950-71030,117.00064641241111,206.14504583969384,89.14527770380062,0.4324353227319601,-0.9999901478065859,True,43.24353227319601,-0.056009334889148193,27.29731438734426,TIER 3: VALUE LEADER,Value Play: $/SqFt is 43.2% below city average.
7259913719,Houston,77042,TX,29.751608,-95.575785,condos,1108.0,96268.0,2.0,2.0,129980,115600.0,False,False,True,,2026-01-20 19:37:59+00:00,,https://www.realtor.com/realestateandhomes-detail/1515-Sandy-Springs-Rd_Houston_TX_77042_M72599-13719,117.31046931407943,206.14504583969384,89.14527770380062,0.43093238629026054,-0.996514664756348,True,43.093238629026054,-0.12439446366782007,27.2024420991739,TIER 3: VALUE LEADER,Value Play: $/SqFt is 43.1% below city average.
5778135967,Miami,33186,FL,25.677148,-80.417703,condos,1169.0,,2.0,2.0,319000,309800.0,False,False,True,,2026-01-19 21:33:52+00:00,238000.0,https://www.realtor.com/realestateandhomes-detail/9691-SW-138th-Ave-Unit-QC_Miami_FL_33186_M57781-35967,272.88280581693755,529.2439654705115,327.8870145403711,0.48439127581863367,-0.7818582264166166,True,48.43912758186337,-0.029696578437701744,27.194233296911513,TIER 3: VALUE LEADER,Value Play: $/SqFt is 48.4% below city average.
6677512222,Miami,33177,FL,25.618688,-80.415568,single_family,2008.0,4356.0,5.0,3.0,549000,541500.0,False,False,True,,2026-01-19 20:15:39+00:00,,https://www.realtor.com/realestateandhomes-detail/13723-SW-160th-Ter_Miami_FL_33177_M66775-12222,273.40637450199205,529.2439654705115,327.8870145403711,0.4834019991915699,-0.780261430380676,True,48.34019991915699,-0.013850415512465374,27.138694271469557,TIER 3: VALUE LEADER,Value Play: $/SqFt is 48.3% below city average.
9978362246,Austin,78754,TX,30.365527,-97.622395,single_family,2029.0,,4.0,3.0,443970,,False,False,True,,2026-01-18 00:00:00+00:00,,https://www.realtor.com/realestateandhomes-detail/5303-Monarda-Mint-Dr_Austin_TX_78754_M99783-62246,218.81222276983735,342.6847951614483,228.15468043420117,0.36147671020317995,-0.5429324182868791,True,36.14767102031799,0.18073835510158998,27.11792679505959,TIER 2: EQUITY KING,Equity Play: Priced 18.1% below estimated value.
9290491919,Austin,78747,TX,30.123818791811,-97.781898562568,single_family,1446.0,,3.0,2.0,317050,,False,False,True,,2026-01-19 00:00:00+00:00,,https://www.realtor.com/realestateandhomes-detail/12024-Ellena-Cv_Austin_TX_78747_M92904-91919,219.2600276625173,342.6847951614483,228.15468043420117,0.360169955719168,-0.5409696932977281,True,36.0169955719168,0.180084977859584,27.01989427612736,TIER 2: EQUITY KING,Equity Play: Priced 18.0% below estimated value.
8691834907,Houston,77014,TX,29.984341,-95.482432,single_family,2534.0,7410.0,4.0,3.0,299000,293100.0,False,False,True,,2026-01-20 19:37:59+00:00,,https://www.realtor.com/realestateandhomes-detail/13911-Elmpark-Ct_Houston_TX_77014_M86918-34907,117.99526440410418,206.14504583969384,89.14527770380062,0.4276104772565733,-0.9888328771433227,True,42.76104772565733,-0.02012964858410099,26.99274786169616,TIER 3: VALUE LEADER,Value Play: $/SqFt is 42.8% below city average.
9327163616,Houston,77049,TX,29.837066,-95.169062,single_family,2902.0,,4.0,4.0,404400,,False,False,True,,2026-01-20 19:37:59+00:00,,https://www.realtor.com/realestateandhomes-detail/14703-Diamond-Dove-Ln_Houston_TX_77049_M93271-63616,139.35217091660923,206.14504583969384,89.14527770380062,0.32400912013682476,-0.7492587004441735,True,32.40091201368248,0.16200456006841238,26.93313421265122,TIER 2: EQUITY KING,Equity Play: Priced 16.2% below estimated value.
9913755020,Austin,78747,TX,30.124612,-97.792144,single_family,2323.0,,4.0,3.0,406540,395400.0,False,False,True,,2026-01-20 00:00:00+00:00,,https://www.realtor.com/realestateandhomes-detail/4620-Lava-Island-Dr_Austin_TX_78747_M99137-55020,175.00645716745586,342.6847951614483,228.15468043420117,0.4893077847676157,-0.7349327117676647,True,48.930778476761574,-0.02817400101163379,26.921638508381275,TIER 3: VALUE LEADER,Value Play: $/SqFt is 48.9% below city average.
5441308708,Miami,33179,FL,25.959757,-80.19592,townhomes,1792.0,,2.0,3.0,495000,438300.0,False,False,True,,2026-01-19 16:39:49+00:00,100000.0,https://www.realtor.com/realestateandhomes-detail/20033-NE-2nd-Pl_Miami_FL_33179_M54413-08708,276.22767857142856,529.2439654705115,327.8870145403711,0.4780711796574666,-0.7716569296096059,True,47.807117965746656,-0.1293634496919918,26.83941648239472,TIER 3: VALUE LEADER,Value Play: $/SqFt is 47.8% below city average.
9138159860,Austin,78747,TX,30.124434,-97.78367,single_family,1450.0,,3.0,2.0,321150,,False,False,True,,2026-01-20 00:00:00+00:00,,https://www.realtor.com/realestateandhomes-detail/12012-Ravenna-Cv_Austin_TX_78747_M91381-59860,221.48275862068965,342.6847951614483,228.15468043420117,0.35368372992346214,-0.531227482645103,True,35.36837299234622,0.17684186496173107,26.53329862185876,TIER 2: EQUITY KING,Equity Play: Priced 17.7% below estimated value.
5417234909,Miami,33179,FL,25.968641,-80.19328,townhomes,1525.0,,3.0,2.0,427000,366700.0,False,False,True,,2026-01-19 22:22:17+00:00,108000.0,https://www.realtor.com/realestateandhomes-detail/453-NE-210th-Ter_Miami_FL_33179_M54172-34909,280.0,529.2439654705115,327.8870145403711,0.4709434244544049,-0.7601519865612834,True,47.09434244544049,-0.16443959640032724,26.43925684378903,TIER 3: VALUE LEADER,Value Play: $/SqFt is 47.1% below city average.
8395800681,Austin,78717,TX,30.496631,-97.777442,condos,1284.0,,2.0,2.0,285000,,False,False,True,,2026-01-17 01:24:32+00:00,,https://www.realtor.com/realestateandhomes-detail/14815-Avery-Ranch-Blvd-Unit-3401_Austin_TX_78717_M83958-00681,221.9626168224299,342.6847951614483,228.15468043420117,0.3522834396026903,-0.5291242682783102,True,35.22834396026903,0.17614171980134516,26.428249058944523,TIER 2: EQUITY KING,Equity Play: Priced 17.6% below estimated value.
9119260431,Austin,78754,TX,30.349795,-97.602242,single_family,2217.0,4966.0,4.0,3.0,395000,385300.0,False,False,True,,2026-01-20 15:17:15+00:00,,https://www.realtor.com/realestateandhomes-detail/11612-Caithness-Way_Austin_TX_78754_M91192-60431,178.16869643662608,342.6847951614483,228.15468043420117,0.480079948243149,-0.7210726442768196,True,48.0079948243149,-0.02517518816506618,26.413924372494158,TIER 3: VALUE LEADER,Value Play: $/SqFt is 48.0% below city average.
9663474950,Miami,33032,FL,25.7583806300578,-80.28996103468208,single_family,1458.0,,4.0,4.0,506990,,False,False,True,,2026-01-20 00:00:00+00:00,,https://www.realtor.com/realestateandhomes-detail/13831-SW-261st-St_Homestead_FL_33032_M96634-74950,347.7297668038409,529.2439654705115,327.8870145403711,0.3429688584267556,-0.5535876403068767,True,34.296885842675565,0.1714844292133778,26.114007908674104,TIER 2: EQUITY KING,Equity Play: Priced 17.1% below estimated value.
9203181826,Phoenix,85041,AZ,33.35583,-112.1105,single_family,3488.0,,5.0,4.0,749990,,True,False,True,158600.0,2026-01-19 00:08:48+00:00,,https://www.realtor.com/realestateandhomes-detail/10030-S-23rd-Ln_Phoenix_AZ_85041_M92031-81826,215.02006880733944,314.31016702356345,139.28954479235648,0.3158984615625888,-0.7128323835377525,True,31.589846156258876,0.1579492307812944,26.08223152913285,TIER 2: EQUITY KING,Equity Play: Priced 15.8% below estimated value.
8707301557,Houston,77029,TX,29.756993,-95.254667,multi_family,3600.0,4792.0,3.0,3.0,439900,442000.0,False,False,True,,2026-01-21 05:14:16+00:00,,https://www.realtor.com/realestateandhomes-detail/9821-Richcroft-St_Houston_TX_77029_M87073-01557,122.19444444444444,206.14504583969384,89.14527770380062,0.4072404507869306,-0.9417279698672165,True,40.72404507869306,0.004751131221719457,25.896942979018167,TIER 3: VALUE LEADER,Value Play: $/SqFt is 40.7% below city average.
9213419786,Austin,78744,TX,30.251946702256284,-97.75791786199933,single_family,2172.0,,4.0,3.0,394990,374400.0,False,False,True,,2026-01-19 08:45:50+00:00,,https://www.realtor.com/realestateandhomes-detail/1020-Lucinda-Williams-Way_Austin_TX_78744_M92134-19786,181.85543278084714,342.6847951614483,228.15468043420117,0.4693215592037866,-0.7049137106217886,True,46.93215592037866,-0.05499465811965812,25.82199947436935,TIER 3: VALUE LEADER,Value Play: $/SqFt is 46.9% below city average.
9727013169,Austin,78744,TX,30.251946702256284,-97.75791786199933,single_family,2740.0,,3.0,3.0,499990,475300.0,True,False,True,25000.0,2026-01-18 08:45:56+00:00,,https://www.realtor.com/realestateandhomes-detail/1034-Brickell-Loop_Austin_TX_78744_M97270-13169,182.47810218978103,342.6847951614483,228.15468043420117,0.46750452670708503,-0.7021845559634275,True,46.750452670708505,-0.05194613928045445,25.72202662791768,TIER 3: VALUE LEADER,Value Play: $/SqFt is 46.8% below city average.
9272002649,Austin,78744,TX,30.14642,-97.708679,single_family,3358.0,,4.0,5.0,757343,,False,False,True,,2026-01-20 00:00:00+00:00,,https://www.realtor.com/realestateandhomes-detail/9104-The-Ravine-Way_Austin_TX_78744_M92720-02649,225.53394877903514,342.6847951614483,228.15468043420117,0.3418618159793758,-0.5134711510606023,True,34.18618159793758,0.1709309079896879,25.64642046936857,TIER 2: EQUITY KING,Equity Play: Priced 17.1% below estimated value.
9088226015,Austin,78747,TX,30.124901,-97.781761,single_family,1468.0,,4.0,4.0,331130,,False,False,True,,2026-01-19 00:00:00+00:00,,https://www.realtor.com/realestateandhomes-detail/11905-Murano-Dr_Austin_TX_78747_M90882-26015,225.56539509536785,342.6847951614483,228.15468043420117,0.34177005142846284,-0.5133333221268593,True,34.17700514284628,0.17088502571423142,25.63953630697636,TIER 2: EQUITY KING,Equity Play: Priced 17.1% below estimated value.
9455765706,Austin,78744,TX,30.251946702256284,-97.75791786199933,single_family,2064.0,,3.0,3.0,379990,368500.0,False,False,True,,2026-01-17 08:45:30+00:00,,https://www.realtor.com/realestateandhomes-detail/1014-Lucinda-Williams-Way_Austin_TX_78744_M94557-65706,184.10368217054264,342.6847951614483,228.15468043420117,0.46276086721674853,-0.6950596529035036,True,46.27608672167485,-0.03118046132971506,25.461031217704978,TIER 3: VALUE LEADER,Value Play: $/SqFt is 46.3% below city average.
9711228040,Austin,78747,TX,30.126439,-97.792463,single_family,2034.0,,3.0,3.0,375990,371300.0,False,False,True,,2026-01-18 11:35:36+00:00,,https://www.realtor.com/realestateandhomes-detail/4504-Beacon-Bay-Dr_Austin_TX_78747_M97112-28040,184.85250737463127,342.6847951614483,228.15468043420117,0.4605756952608821,-0.6917775584811426,True,46.05756952608821,-0.012631295448424455,25.34080339524671,TIER 3: VALUE LEADER,Value Play: $/SqFt is 46.1% below city average.
5308383751,Miami,33150,FL,25.870605,-80.207158,multi_family,2236.0,,5.0,3.0,650000,567300.0,False,False,True,,2026-01-21 03:50:29+00:00,485000.0,https://www.realtor.com/realestateandhomes-detail/10417-NW-6th-Ave_Miami_FL_33150_M53083-83751,290.69767441860466,529.2439654705115,327.8870145403711,0.45073029947508814,-0.7275258868860627,True,45.073029947508815,-0.1457782478406487,25.304470847864152,TIER 3: VALUE LEADER,Value Play: $/SqFt is 45.1% below city average.
9641871495,Phoenix,85037,AZ,33.484478,-112.265358,single_family,2252.0,,5.0,3.0,492490,,False,False,True,,2026-01-19 00:00:00+00:00,,https://www.realtor.com/realestateandhomes-detail/9530-W-Monterey-Way_Phoenix_AZ_85037_M96418-71495,218.69005328596802,314.31016702356345,139.28954479235648,0.3042221466874373,-0.6864845016195543,True,30.42221466874373,0.15211107334371865,25.11817381744178,TIER 2: EQUITY KING,Equity Play: Priced 15.2% below estimated value.
9540508881,Phoenix,85037,AZ,33.484482,-112.264709,single_family,2252.0,,5.0,3.0,492490,,False,False,True,,2026-01-21 00:02:59+00:00,,https://www.realtor.com/realestateandhomes-detail/9514-W-Monterey-Way_Phoenix_AZ_85037_M95405-08881,218.69005328596802,314.31016702356345,139.28954479235648,0.3042221466874373,-0.6864845016195543,True,30.42221466874373,0.15211107334371865,25.11817381744178,TIER 2: EQUITY KING,Equity Play: Priced 15.2% below estimated value.
9278765090,Phoenix,85041,AZ,33.35527,-112.1105,single_family,3488.0,,5.0,4.0,762995,,True,False,True,158785.0,2026-01-19 00:08:48+00:00,,https://www.realtor.com/realestateandhomes-detail/10034-S-23rd-Ln_Phoenix_AZ_85041_M92787-65090,218.74856651376146,314.31016702356345,139.28954479235648,0.30403598271969945,-0.6860644182035258,True,30.403598271969944,0.15201799135984972,25.102803145217226,TIER 2: EQUITY KING,Equity Play: Priced 15.2% below estimated value.
5206320036,Miami,33196,FL,25.658212,-80.438578,townhomes,1827.0,,4.0,3.0,550000,561100.0,False,False,True,,2026-01-20 22:20:09+00:00,408000.0,https://www.realtor.com/realestateandhomes-detail/11656-SW-151st-Ave_Miami_FL_33196_M52063-20036,301.03995621237,529.2439654705115,327.8870145403711,0.4311886845138844,-0.6959836746753626,True,43.118868451388444,0.019782569951880234,24.998686925384217,TIER 3: VALUE LEADER,Value Play: $/SqFt is 43.1% below city average.
9770504177,Austin,78747,TX,30.14908246316776,-97.75416696033659,single_family,2132.0,,3.0,4.0,399000,398100.0,True,False,True,5990.0,2026-01-18 08:45:37+00:00,,https://www.realtor.com/realestateandhomes-detail/5504-Forks-Rd_Austin_TX_78747_M97705-04177,187.1482176360225,342.6847951614483,228.15468043420117,0.4538765061115367,-0.6817154801708389,True,45.38765061115367,-0.002260738507912585,24.972215046169858,TIER 3: VALUE LEADER,Value Play: $/SqFt is 45.4% below city average.
9894033528,Austin,78744,TX,30.148873,-97.730091,single_family,2463.0,,4.0,4.0,563900,,True,False,True,1000.0,2026-01-19 00:00:00+00:00,,https://www.realtor.com/realestateandhomes-detail/7011-Stitzel-Weller-Dr_Austin_TX_78744_M98940-33528,228.94843686561106,342.6847951614483,228.15468043420117,0.3318978837162964,-0.4985054791748543,True,33.18978837162964,0.1659489418581482,24.898927814726328,TIER 2: EQUITY KING,Equity Play: Priced 16.6% below estimated value.
6017692420,Miami,33185,FL,25.736666,-80.443181,single_family,2523.0,4792.0,4.0,3.0,750000,729400.0,False,False,True,,2026-01-20 22:20:09+00:00,,https://www.realtor.com/realestateandhomes-detail/15364-SW-32nd-Ter_Miami_FL_33185_M60176-92420,297.2651605231867,529.2439654705115,327.8870145403711,0.4383211148021115,-0.7074961638005411,True,43.83211148021115,-0.028242391006306555,24.60780623008987,TIER 3: VALUE LEADER,Value Play: $/SqFt is 43.8% below city average.
9644523170,Austin,78747,TX,30.124186,-97.792443,single_family,1640.0,,3.0,2.0,377990,,True,False,True,150.0,2026-01-18 11:35:34+00:00,,https://www.realtor.com/realestateandhomes-detail/4617-Lava-Island-Dr_Austin_TX_78747_M96445-23170,230.48170731707316,342.6847951614483,228.15468043420117,0.3274235957609766,-0.4917851679870929,True,32.74235957609766,0.1637117978804883,24.563267425529524,TIER 2: EQUITY KING,Equity Play: Priced 16.4% below estimated value.
6044188903,Miami,33193,FL,25.690081,-80.443092,condos,968.0,,2.0,2.0,289000,277600.0,False,False,True,,2026-01-19 23:15:36+00:00,87000.0,https://www.realtor.com/realestateandhomes-detail/15430-SW-82nd-Ln-Apt-625_Miami_FL_33193_M60441-88903,298.55371900826447,529.2439654705115,327.8870145403711,0.4358863993038777,-0.7035662781145098,True,43.58863993038777,-0.04106628242074928,24.471118753300203,TIER 3: VALUE LEADER,Value Play: $/SqFt is 43.6% below city average.
9584008991,Austin,78747,TX,30.14868930229772,-97.7537043319461,single_family,2039.0,,3.0,3.0,389000,379200.0,True,False,True,990.0,2026-01-20 08:45:37+00:00,,https://www.realtor.com/realestateandhomes-detail/5603-Forks-Rd_Austin_TX_78747_M95840-08991,190.77979401667483,342.6847951614483,228.15468043420117,0.44327908121282944,-0.6657983121612191,True,44.327908121282945,-0.025843881856540084,24.389146370125367,TIER 3: VALUE LEADER,Value Play: $/SqFt is 44.3% below city average.
5979010769,Miami,33193,FL,25.684684,-80.45005,single_family,1790.0,1742.0,3.0,3.0,539000,530900.0,False,False,True,,2026-01-20 21:55:11+00:00,160000.0,https://www.realtor.com/realestateandhomes-detail/8735-SW-158th-Path_Miami_FL_33193_M59790-10769,301.1173184357542,529.2439654705115,327.8870145403711,0.43104250953895495,-0.6957477329638779,True,43.104250953895495,-0.015257110566961763,24.199177711196974,TIER 3: VALUE LEADER,Value Play: $/SqFt is 43.1% below city average.
7703846721,Austin,78729,TX,30.445064,-97.77592,condos,1457.0,,3.0,3.0,298000,313000.0,False,False,True,,2026-01-20 03:04:39+00:00,,https://www.realtor.com/realestateandhomes-detail/8518-Cahill-Dr-Apt-19_Austin_TX_78729_M77038-46721,204.52985586822237,342.6847951614483,228.15468043420117,0.40315456432240393,-0.6055319094497787,True,40.315456432240396,0.04792332268370607,24.098434574742186,TIER 3: VALUE LEADER,Value Play: $/SqFt is 40.3% below city average.
9246039797,Austin,78725,TX,30.232347,-97.583558,single_family,1401.0,5401.0,3.0,2.0,279000,286200.0,False,False,True,,2026-01-20 21:28:02+00:00,,https://www.realtor.com/realestateandhomes-detail/3509-Chappie_Austin_TX_78725_M92460-39797,199.14346895074945,342.6847951614483,228.15468043420117,0.41887276073358476,-0.629140396933893,True,41.88727607335848,0.025157232704402517,24.05260370685842,TIER 3: VALUE LEADER,Value Play: $/SqFt is 41.9% below city average.
9663547351,Miami,33179,FL,25.966017,-80.190173,townhomes,1662.0,,3.0,4.0,510000,513500.0,False,False,True,,2026-01-20 22:20:09+00:00,,https://www.realtor.com/realestateandhomes-detail/582-NE-207th-St_Miami_FL_33179_M96635-47351,306.85920577617327,529.2439654705115,327.8870145403711,0.42019328363363095,-0.6782359466295884,True,42.019328363363094,0.006815968841285297,23.862729565292533,TIER 3: VALUE LEADER,Value Play: $/SqFt is 42.0% below city average.
6002585712,Miami,33196,FL,25.668927,-80.447877,condos,979.0,,2.0,2.0,299000,295400.0,False,False,True,,2026-01-19 23:19:25+00:00,,https://www.realtor.com/realestateandhomes-detail/15560-SW-104th-Ter-Apt-611_Miami_FL_33196_M60025-85712,305.41368743615936,529.2439654705115,327.8870145403711,0.4229245728581171,-0.682644533355843,True,42.29245728581171,-0.012186865267433988,23.743428247883113,TIER 3: VALUE LEADER,Value Play: $/SqFt is 42.3% below city average.
9549393421,Miami,33167,FL,25.872383,-80.227661,single_family,1230.0,,3.0,3.0,451000,,False,False,True,,2026-01-20 21:55:11+00:00,,https://www.realtor.com/realestateandhomes-detail/1759-NW-107th-St_Miami_FL_33167_M95493-93421,366.6666666666667,529.2439654705115,327.8870145403711,0.30718781773791115,-0.4958332949895687,True,30.718781773791115,0.15359390886895558,23.389602014170354,TIER 2: EQUITY KING,Equity Play: Priced 15.4% below estimated value.
5280195566,Miami,33176,FL,25.688201,-80.362676,condos,890.0,,2.0,1.0,275000,242300.0,False,False,True,,2026-01-20 22:20:09+00:00,250000.0,https://www.realtor.com/realestateandhomes-detail/10431-N-Kendall-Dr-Apt-D314_Miami_FL_33176_M52801-95566,308.9887640449438,529.2439654705115,327.8870145403711,0.4161695093297004,-0.6717411536846597,True,41.61695093297004,-0.13495666529096162,23.364191910034613,TIER 3: VALUE LEADER,Value Play: $/SqFt is 41.6% below city average.
8875250418,Austin,78753,TX,30.352123,-97.686684,condos,1521.0,5676.0,2.0,2.0,299990,277700.0,False,False,True,,2026-01-21 01:37:10+00:00,,https://www.realtor.com/realestateandhomes-detail/8925-N-Plaza-Ct-69_Austin_TX_78753_M88752-50418,197.2320841551611,342.6847951614483,228.15468043420117,0.4244504368446239,-0.6375179800365092,True,42.44504368446239,-0.0802664746128916,23.353197274150048,TIER 3: VALUE LEADER,Value Play: $/SqFt is 42.4% below city average.
5636526791,Miami,33126,FL,25.779025,-80.274617,condos,782.0,,2.0,2.0,245000,247400.0,False,False,True,,2026-01-20 22:40:49+00:00,35000.0,https://www.realtor.com/realestateandhomes-detail/4845-NW-7th-St-Apt-106_Miami_FL_33126_M56365-26791,313.2992327365729,529.2439654705115,327.8870145403711,0.40802493145473695,-0.6585949524004416,True,40.8024931454737,0.009700889248181084,23.29498235212114,TIER 3: VALUE LEADER,Value Play: $/SqFt is 40.8% below city average.
9499453274,Austin,78754,TX,30.366715,-97.624567,single_family,1782.0,2344.0,4.0,2.0,421146,,False,False,True,,2026-01-20 23:08:03+00:00,,https://www.realtor.com/realestateandhomes-detail/5105-Monarda-Mint-Dr_Austin_TX_78754_M94994-53274,236.33333333333334,342.6847951614483,228.15468043420117,0.3103477695239143,-0.4661375415385626,True,31.03477695239143,0.15517388476195715,23.282241586820483,TIER 2: EQUITY KING,Equity Play: Priced 15.5% below estimated value.
6407755438,Miami,33176,FL,25.683963,-80.334946,condos,790.0,,1.0,2.0,245000,225300.0,False,False,True,,2026-01-19 23:09:39+00:00,,https://www.realtor.com/realestateandhomes-detail/9225-SW-87th-Ave-Apt-A8_Miami_FL_33176_M64077-55438,310.126582278481,529.2439654705115,327.8870145403711,0.41401961569317,-0.668271000299256,True,41.401961569316995,-0.08743897026187306,23.24349463071936,TIER 3: VALUE LEADER,Value Play: $/SqFt is 41.4% below city average.
9489084748,Austin,78744,TX,30.150063,-97.704987,townhomes,1487.0,,3.0,3.0,352178,,True,False,True,1176.0,2026-01-18 00:00:00+00:00,,https://www.realtor.com/realestateandhomes-detail/1012-Brickell-Loop-Unit-B_Austin_TX_78744_M94890-84748,236.83792871553464,342.6847951614483,228.15468043420117,0.30887529280675047,-0.4639259043227887,True,30.887529280675047,0.15443764640337523,23.171776611632914,TIER 2: EQUITY KING,Equity Play: Priced 15.4% below estimated value.
9492389656,Austin,78744,TX,30.251946702256284,-97.75791786199933,townhomes,1829.0,,3.0,3.0,363374,342900.0,False,False,True,,2026-01-17 08:45:30+00:00,,https://www.realtor.com/realestateandhomes-detail/1030-Brickell-Loop-Unit-B_Austin_TX_78744_M94923-89656,198.67359212684528,342.6847951614483,228.15468043420117,0.42024392406075484,-0.631199863007567,True,42.024392406075485,-0.059708369787109944,23.121755592505863,TIER 3: VALUE LEADER,Value Play: $/SqFt is 42.0% below city average.
9734256347,Miami,33196,FL,25.670902,-80.445023,townhomes,909.0,,2.0,1.0,335000,,False,False,True,,2026-01-21 05:13:37+00:00,,https://www.realtor.com/realestateandhomes-detail/10305-SW-154th-Cir-Ct-Apt-26_Miami_FL_33196_M97342-56347,368.53685368536856,529.2439654705115,327.8870145403711,0.3036541222388246,-0.49012954053828767,True,30.36541222388246,0.1518270611194123,23.120542739712356,TIER 2: EQUITY KING,Equity Play: Priced 15.2% below estimated value.
9097176428,Miami,33170,FL,25.554158,-80.401336,single_family,2560.0,4792.0,4.0,3.0,800000,643100.0,False,False,True,,2026-01-19 18:34:04+00:00,1911825.0,https://www.realtor.com/realestateandhomes-detail/12927-SW-229th-Ter_Miami_FL_33170_M90971-76428,312.5,529.2439654705115,327.8870145403711,0.40953507193571975,-0.6610324772218904,True,40.95350719357197,-0.24397449852278028,22.991727649647693,TIER 3: VALUE LEADER,Value Play: $/SqFt is 41.0% below city average.
9422505265,Austin,78747,TX,30.14869988026286,-97.75380659111546,single_family,1872.0,,3.0,3.0,374000,361800.0,True,False,True,990.0,2026-01-17 08:45:38+00:00,,https://www.realtor.com/realestateandhomes-detail/5601-Forks-Rd_Austin_TX_78747_M94225-05265,199.7863247863248,342.6847951614483,228.15468043420117,0.41699682154791856,-0.6263227653413614,True,41.69968215479186,-0.033720287451630734,22.943100515330357,TIER 3: VALUE LEADER,Value Play: $/SqFt is 41.7% below city average.
5510566499,Miami,33186,FL,25.683496,-80.386831,townhomes,1588.0,,3.0,2.0,499000,496700.0,False,False,True,,2026-01-20 21:55:11+00:00,,https://www.realtor.com/realestateandhomes-detail/11769-SW-91st-Ter_Miami_FL_33186_M55105-66499,314.23173803526447,529.2439654705115,327.8870145403711,0.40626297409758017,-0.655750968780051,True,40.62629740975802,-0.004630561707267968,22.80802865170372,TIER 3: VALUE LEADER,Value Play: $/SqFt is 40.6% below city average.
6875741143,Miami,33176,FL,25.634113,-80.373876,single_family,1695.0,7405.0,3.0,1.0,535000,455900.0,False,False,True,,2026-01-19 17:39:34+00:00,,https://www.realtor.com/realestateandhomes-detail/14421-Harrison-St_Miami_FL_33176_M68757-41143,315.63421828908554,529.2439654705115,327.8870145403711,0.4036130048105913,-0.6514736409456839,True,40.36130048105913,-0.1735029611756964,22.659256601880493,TIER 3: VALUE LEADER,Value Play: $/SqFt is 40.4% below city average.
9666135777,Austin,78744,TX,30.145435,-97.707776,single_family,4111.0,,5.0,5.0,838407,828400.0,False,False,True,,2026-01-18 00:00:00+00:00,,https://www.realtor.com/realestateandhomes-detail/9213-The-Ravine-Way_Austin_TX_78744_M96661-35777,203.94234979323767,342.6847951614483,228.15468043420117,0.40486898551435646,-0.6081069435181863,True,40.486898551435644,-0.012079913085465958,22.27582885575612,TIER 3: VALUE LEADER,Value Play: $/SqFt is 40.5% below city average.
9712426913,Austin,78747,TX,30.12536,-97.780514,single_family,2051.0,,3.0,3.0,420320,410200.0,False,False,True,,2026-01-17 00:05:28+00:00,,https://www.realtor.com/realestateandhomes-detail/11721-Domenico-Cv_Austin_TX_78747_M97124-26913,204.9341784495368,342.6847951614483,228.15468043420117,0.4019746970302938,-0.6037597670569733,True,40.197469703029384,-0.024670892247684057,22.116585551781483,TIER 3: VALUE LEADER,Value Play: $/SqFt is 40.2% below city average.
6880363557,Miami,33135,FL,25.764732,-80.233625,multi_family,1380.0,,4.0,3.0,549000,660600.0,False,False,True,,2026-01-21 02:48:53+00:00,465000.0,https://www.realtor.com/realestateandhomes-detail/2341-SW-9th-St_Miami_FL_33135_M68803-63557,397.82608695652175,529.2439654705115,327.8870145403711,0.2483124741859945,-0.4008023272840191,True,24.83124741859945,0.16893732970027248,20.698015428290873,TIER 2: EQUITY KING,Equity Play: Priced 16.9% below estimated value.
8822259960,Austin,78730,TX,30.358269,-97.802818,single_family,5780.0,28684.0,6.0,7.0,7850000,9562900.0,False,False,True,,2026-01-17 00:33:20+00:00,,https://www.realtor.com/realestateandhomes-detail/6607-W-Courtyard-Dr_Austin_TX_78730_M88222-59960,1358.1314878892733,342.6847951614483,228.15468043420117,-2.9632090686994736,4.450694111535772,False,0.0,0.17911930481339342,7.164772192535737,TIER 2: EQUITY KING,Equity Play: Priced 17.9% below estimated value.
7906065086,Austin,78705,TX,30.299647,-97.742989,single_family,1317.0,4530.0,4.0,2.0,649000,779500.0,False,False,True,,2026-01-17 16:56:21+00:00,,https://www.realtor.com/realestateandhomes-detail/3105-Kings-Ln_Austin_TX_78705_M79060-65086,492.78663629460897,342.6847951614483,228.15468043420117,-0.43801721947553457,0.6578950773549851,False,0.0,0.16741500962155229,6.696600384862092,TIER 2: EQUITY KING,Equity Play: Priced 16.7% below estimated value.
